!!!Batch,Get all your bottle labels for every !!!Batch you brew with high quality custom <a href='https://stickeryou.com/products/beer-labels/604'>Beer Labels</a> from StickerYou.
$tonePits,We're not playing around - adorn anything with the highest quality <a href='https://www.stickeryou.com/products/transfer-stickers/772'>custom transfer stickers</a> from your pals at StickerYou!
(()),Empty Nest got you down? <a href='https://stickeryou.com/products/photo-stickers/542'>Custom photo stickers</a> of every family member will make sure they always stick to you. Courtesy of StickerYou.
(TM),StickerYou has <a href='https://stickeryou.com/products/browse-art-for-sticker-singles/753'>sticker Art for Sticker Singles</a> of anything - even if it's a licensed thing - so order yours today!
*LISP,StickerYou's <a href='https://stickeryou.com/products/paper-roll-labels/700'>custom Paper Roll Labels</a> are more effcient than ever before.  Now available in any size, colour, or shape!
*MOD,Don't distribute gifts without communicating who they're from.  Get <a href='https://stickeryou.com/products/to-from-labels/548'>custom To/From Labels</a> from StickerYou today!
-,Don't dash out on the details, order <a href='https://www.stickeryou.com/products/packing-tape/683'>Custom Packing Tape</a> from StickerYou. Put the finishing touches on your packages with any custom logos or info.
-oid,Don't be a paranoid android and let StickerYou cover your laptop sticker needs with <a href='https://www.stickeryou.com/products/laptop-stickers/190'>Custom Laptop Stickers</a>. Guarenteed to look great on any unit.
.),Whether your parents don't get you or your friends just don't understand, StickerYou has <a href='https://stickeryou.com/products/browse-by-sticker-art/593'>Sticker Art</a> for any state of angst you find yourself in.
.NET framework,Networking is essential for any business.  Increase yours by getting custom <a href='https://stickeryou.com/products/business-stickers/464'>business stickers</a> from StickerYou.
.cshrc,Direct anyone to your home with custom <a href='https://stickeryou.com/products/home-address-labels/658'>home and address labels</a> from StickerYou.
.login,Let every one knowwhen to log into your business.  Create decals of business or office hours with StickerYou's custom <a href='https://stickeryou.com/products/vinyl-window-lettering/695'> custom vinyl window lettering</a>
.twmrc,StickerYou wants you to get all your tabs in order. Never miss an appointment with <a href='https://stickeryou.com/products/calendar-stickers/137'>custom calendar stickers</a>.
0/1 knapsack problem,Knapsacks are no problem for our patches. <a href='https://www.stickeryou.com/products/patches/744'>Custom patches</a> from StickerYou look terrific on clothing, luggage, uniforms, athletic gear and more!
1.TR.6,Have total control of every channel of your brewery when you customize all your bottles, cans, and kegs with <a href='https://www.stickeryou.com/products/beer-labels/604'>beer labels</a> from StickerYou!
100BaseT,Customizing your clothing and accessories has never been faster! Get your <a href='https://www.stickeryou.com/products/iron-on-transfers/616'>custom Iron-On Transfers</a> from StickerYou.com!
100BaseTX,Speedily label all your shirts, jackets, socks, and more when you order your <a href='https://www.stickeryou.com/products/iron-on-labels/301'>custom Iron-On Labels</a> from StickerYou!
10base2,Get <a href='https://www.stickeryou.com/products/photo-stickers/542'>custom photo stickers</a> of your home base or stickers for it. Available in any size or shape make StickerYou your base for custom stickers.
10baseT,Good things come in pairs, like twisted cables for Ethernet and shoes! Get labels so you never lose a pair with <a href='https://www.stickeryou.com/products/shoe-labels/508'>custom shoe labels</a> from StickerYou!
120 reset,If you're restarting your computer you may as well refresh it too, with <a href='https://www.stickeryou.com/products/laptop-stickers/190'>custom laptop stickers</a> from your friends at StickerYou.com!
16-bit application,If your address is segmented it could be time to upgrade your <a href='http://www.stickeryou.com/products/home-address-labels/658'>address labels</a>.  Order custom ones today from StickerYou.com
16450,StickerYou's <a href='https://www.stickeryou.com/products/vinyl-window-graphics/694'>Custom Vinyl Window Graphics</a> is a proud sponser of 16450.  Now printed and produced faster than ever.
16550,<a href='https://www.stickeryou.com/products/durable-roll-labels/701/'>Custom Durable Roll Labels</a> from StickerYou operate on all kinds of surfaces.  Order yours in any size and shape today.
1802,StickerYou makes <a href='https://www.stickeryou.com/products/iron-ons/617'>Custon Iron-On Transfers</a> of all your favourite designs (8bit and above).  Order yours with no minimums today.
2,2 is brought to you by StudioEPIC photography.  Who are the go to place for getting awesome <a href='https://studioepic.com/Toronto-Corporate-Photographer.php'>corporate photos</a>.
404,404 has been brought to you by <a href='https://stickeryou.com/products/custom-name-badges/812'>Custom Name Badges</a> from StickerYou.  Always find who you're looking for.
6.001,6.001 is brought to you by StickerYou <a href='https://www.stickeryou.com/products/custom-stickers/335'>Custom Stickers</a>.  Get them in any size, any shape or any quantity!
610,Customize your communication experience with <a href='https://https://www.stickeryou.com/products/phone-skins/774'>Custom Phone Skins</a> from StickerYou.
6501,Keep track of anything at any time with StickerYou's <a href='https://www.stickeryou.com/products/dry-erase-wall-decals/571'>Custom Dry Erase Decals</a>. Ready to order in any custom size you need.
6510,Let StickerYou be your go-to for all your <a href='https://www.stickeryou.com/products/roll-labels/627'>Custom Roll Label</a> needs. Available in any size or material you need!
686,Get all your favourite photos processed into <a href='https://www.stickeryou.com/en-ca/products/photo-stickers/542'>Custom Photo Stickers</a> by StickerYou. Available in a variety of custom shapes and sizes.
8.3,8.3 is sponsored by <a href='https://www.stickeryou.com/products/custom-window-decals/664'>Custom Window Decals</a> made by StickerYou.  Experience our online designer tool.
8450,StickerYou offers the best <a href='https://www.stickeryou.com/products/business-card-stickers/575'>Custom Stickers for Businesses</a>. With no order minums and 100% satisfaction guarenteed better your business today.
8514,StickerYou has all your high resolution <a href='https://www.stickeryou.com/products/wall-decals/640'>Custom Wall Decal</a> needs covered.  Available in any size for any wall!
<g>,Put a grin on all your guests' faces when you decorate your next party with <a href='https://stickeryou.com/products/birthday-labels/402'>custom birthday labels</a> from StickerYou
<gr&d>,Whether you're running or ducking <a href='https://www.stickeryou.com/en-ca/products/sports-helmet-stickers/450/'>custom Sports & Helmets stickers</a> from StickerYou will put a grin on any athletes face.
@-party,Hack any event with <a href='https://stickeryou.com/products/event-wedding-labels/656'>custom Event and Wedding stickers</a> from StickerYou!
@XX,Decorate anything with your name, initials, or quote.  Head to StickerYou for the highest quality <a href='https://stickeryou.com/products/transfer-stickers/772'>custom Transfer Stickers</a>
@stake,Make sure all your products are secure and flawless with <a href='https://stickeryou.com/products/tamper-evident-labels/706'>custom Tamper Evident Labels</a> from StickerYou
ACCLAIM,Acclaim is brought to you by studioEPIC <a href='https://studioepic.com/Toronto-Product-Photographer.php'>ecommerce photography</a>.  Customers will certainly acclaim your products when they see amazing product images
ACF/NCP,ACF/NCP is brought to you by studioEPIC <a href='https://studioepic.com/Toronto-Pregnancy-Photographer.php'>pregnancy photography</a>.  Practice your  communication, you will need it if you are going to be a great parent.
ACIS,ACIS is brought to you by studioEPIC <a href='https://studioepic.com/Toronto-Portrait-Photographer.php'>portrait photography</a>.  Even a Geo Special computer scientist needs a great 2D portrait.
ACOS,ACOS is brought to you by studioEPIC <a href='https://studioepic.com/Toronto-School-Photographer.php'>school portrait phogoraphy</a>.  Great portraits for school pupils studying computer programming languages.
ACPI,ACPI is brought to you by studioEPIC <a href=https://studioepic.com/Toronto-Portrait-Photographer.php''>individual portrait photography</a>.  A professional portrait is your interface to the next career step.
ACSE,ACSE is brought to you by studioEPIC <a href='https://studioepic.com/Toronto-Wedding-Photographer.php'>wedding photography</a>. Get a true professional for one of your most important days.
Access,Access is brought to you by StudioEPIC <a href='https://studioepic.com/Toronto-Modeling-Portfolio-Photographer.php'>Modeling Photography</a>.  With a great portfolio you will be accessed in the best possible light.
Acorn Computers Ltd.,Acorn Computers is brought to you by studioEPIC <a href='https://studioepic.com/Toronto-Actor-Photography.php'>actor portrait photography</a>.  Great portrait for actor portfolios.
\subseteq,With no set order minimums it's the perfect time to order <a href='https://stickeryou.com/products/stickers/653'>custom high quality stickers</a>! Order yours from StickerYou today!
\uparrow,Let everyone know which side is up by printing shipping directions on <a href='https://stickeryou.com/products/packing-tape/683'>custom packing tape</a>! Now available from StickerYou.
acceptance testing,Acceptance Testing is brought to you by StudioEPIC <a href='https://studioepic.com/Toronto-Wedding-Photographer.php'>wedding photography</a>.  For the time when you want to Accept that special person into your life.
access permission,Access Permission is brought to you by studioEPIC <a href='https://studioepic.com/Toronto-Engagement-Photography.php>Engagement Photography</a>.  After all engagement is one of the most important permission access events
accounting management,Accounting Management is brought to you by studioEPIC <a href='https://studioepic.com/Toronto-Corporate-Event-Photography.php'>event photography</a>.  Represent your events in the best possible light
accuracy,Accuracy is brought to you by studioEPIC <a href='https://studioepic.com/Toronto-Product-Photographer.php'>product photography</a>.  Accurately represent your products with professional product photography
{$formKeywords},Don't search for <a href=https://stickeryou.com/products/vinyl-lettering-and-numbers/666'>Custom Vinyl Lettering</a> anywhere else. Get your high quality vinyl letters and numbers from StickerYou today!
{log},Keep track of everything you log on blank compact discs with <a href='https://stickeryou.com/products/cd-labels/230'>Custom CD and DVD Labels</a> from StickerYou!
{searchTerms},Your search for quality <a href='https://stickeryou.com/products/custom-vinyl-stickers/815'>custom Vinyl Stickers</a> is over!  With no order minimumks make StickerYou your go-to for all things stickers today.
~,All your values should be visible, which is why StickerYou has <a href='https://stickeryou.com/products/clear-static-clings/687'>customizable clear static clings</a> with both front or back adhesion! Order yours today.
